0,rank_0
1,rank_1
2,rank_2
3,rank_3
4,rank_4
5,rank_5
6,rank_6
7,rank_7
8,rank_8
9,rank_9
10,rank_10
11,rank_11
12,rank_12
13,rank_13
14,rank_14
15,rank_15
16,rank_16
17,rank_17
18,rank_18
19,rank_19
20,rank_20
21,rank_21
22,rank_22
23,rank_23
24,rank_24
25,rank_25
26,rank_26
27,rank_27
28,rank_28
29,rank_29
30,rank_30
31,rank_31
32,rank_32
33,rank_33
34,rank_34
35,rank_35
36,rank_36
37,rank_37
38,rank_38
39,rank_39
40,rank_40
41,rank_41
42,rank_42
43,rank_43
44,rank_44
45,rank_45
46,rank_46
47,rank_47
48,rank_48
49,rank_49
50,rank_50
51,rank_51
52,rank_52
53,rank_53
54,rank_54
55,rank_55
56,rank_56
57,rank_57
58,rank_58
59,rank_59
60,rank_60
61,rank_61
62,rank_62
63,rank_63
64,rank_64
65,rank_65
66,rank_66
67,rank_67
68,rank_68
69,rank_69
70,rank_70
71,rank_71
72,rank_72
73,rank_73
74,rank_74
75,rank_75
76,rank_76
77,rank_77
78,rank_78
79,rank_79
80,rank_80
81,rank_81
82,rank_82
83,rank_83
84,rank_84
85,rank_85
86,rank_86
87,rank_87
88,rank_88
89,rank_89
90,rank_90
91,rank_91
92,rank_92
93,rank_93
94,rank_94
95,rank_95
96,rank_96
97,rank_97
98,rank_98
99,rank_99
100,rank_100
101,rank_101
102,rank_102
103,rank_103
104,rank_104
105,rank_105
106,rank_106
107,rank_107
108,rank_108
109,rank_109
110,rank_110
111,rank_111
112,rank_112
113,rank_113
114,rank_114
115,rank_115
116,rank_116
117,rank_117
118,rank_118
119,rank_119
120,rank_120
121,rank_121
122,rank_122
123,rank_123
124,rank_124
125,rank_125
126,rank_126
127,rank_127
128,rank_128
129,rank_129
130,rank_130
131,rank_131
132,rank_132
133,rank_133
134,rank_134
135,rank_135
136,rank_136
137,rank_137
138,rank_138
139,rank_139
140,rank_140
maxrank,140